{
  "light": {
    "--background": "0 0% 100%",
    "--foreground": "222.2 47.4% 11.2%",
    "--card": "0 0% 100%",
    "--card-foreground": "222.2 47.4% 11.2%",
    "--primary": "222.2 47.4% 11.2%",
    "--primary-foreground": "210 40% 98%",
    "--muted": "210 40% 96.1%",
    "--muted-foreground": "215.4 16.3% 46.9%",
    "--accent": "210 40% 96.1%",
    "--accent-foreground": "222.2 47.4% 11.2%",
    "--border": "214.3 31.8% 91.4%",
    "--input": "214.3 31.8% 91.4%",
    "--ring": "222.2 84% 4.9%"
  },
  "dark": {
    "--background": "222.2 84% 4.9%",
    "--foreground": "210 40% 98%",
    "--card": "222.2 84% 4.9%",
    "--card-foreground": "210 40% 98%",
    "--primary": "210 40% 98%",
    "--primary-foreground": "222.2 47.4% 11.2%",
    "--muted": "217.2 32.6% 17.5%",
    "--muted-foreground": "215 20.2% 65.1%",
    "--accent": "217.2 32.6% 17.5%",
    "--accent-foreground": "210 40% 98%",
    "--border": "217.2 32.6% 17.5%",
    "--input": "217.2 32.6% 17.5%",
    "--ring": "224.3 76.3% 48%"
  }
}