{
  "light": {
    "--background": "0 0% 100%",
    "--foreground": "0 0% 0%",
    "--primary": "240 100% 50%",
    "--primary-foreground": "0 0% 100%",
    "--accent": "60 100% 50%",
    "--accent-foreground": "0 0% 0%",
    "--muted": "0 0% 90%",
    "--muted-foreground": "0 0% 0%",
    "--border": "0 0% 0%",
    "--ring": "0 0% 0%"
  },
  "dark": {
    "--background": "0 0% 0%",
    "--foreground": "0 0% 100%",
    "--primary": "60 100% 50%",
    "--primary-foreground": "0 0% 0%",
    "--accent": "180 100% 50%",
    "--accent-foreground": "0 0% 0%",
    "--muted": "0 0% 10%",
    "--muted-foreground": "0 0% 100%",
    "--border": "0 0% 100%",
    "--ring": "0 0% 100%"
  }
}