{
  "light": {
    "--background": "0 0% 99%",
    "--foreground": "0 0% 14%",
    "--primary": "0 0% 10%",
    "--primary-foreground": "0 0% 100%",
    "--accent": "0 0% 86%",
    "--accent-foreground": "0 0% 10%",
    "--muted": "0 0% 92%",
    "--muted-foreground": "0 0% 34%",
    "--border": "0 0% 86%",
    "--ring": "0 0% 14%"
  },
  "dark": {
    "--background": "0 0% 8%",
    "--foreground": "0 0% 94%",
    "--primary": "0 0% 96%",
    "--primary-foreground": "0 0% 8%",
    "--accent": "0 0% 24%",
    "--accent-foreground": "0 0% 94%",
    "--muted": "0 0% 14%",
    "--muted-foreground": "0 0% 84%",
    "--border": "0 0% 20%",
    "--ring": "0 0% 96%"
  }
}