{
  "light": {
    "--background": "205 80% 98%",
    "--foreground": "210 20% 14%",
    "--primary": "201 96% 48%",
    "--primary-foreground": "205 80% 98%",
    "--accent": "200 60% 90%",
    "--accent-foreground": "210 20% 14%",
    "--muted": "205 28% 94%",
    "--muted-foreground": "210 12% 42%",
    "--border": "205 20% 88%",
    "--ring": "201 96% 48%"
  },
  "dark": {
    "--background": "210 20% 10%",
    "--foreground": "205 60% 92%",
    "--primary": "201 86% 56%",
    "--primary-foreground": "210 20% 10%",
    "--accent": "205 28% 22%",
    "--accent-foreground": "205 60% 92%",
    "--muted": "210 16% 16%",
    "--muted-foreground": "205 36% 80%",
    "--border": "210 16% 20%",
    "--ring": "201 86% 56%"
  }
}