{
  "light": {
    "--background": "350 100% 98%",
    "--foreground": "345 30% 18%",
    "--primary": "345 84% 60%",
    "--primary-foreground": "350 100% 98%",
    "--accent": "345 60% 90%",
    "--accent-foreground": "345 30% 18%",
    "--muted": "350 60% 95%",
    "--muted-foreground": "345 25% 40%",
    "--border": "350 40% 90%",
    "--ring": "345 84% 60%"
  },
  "dark": {
    "--background": "345 30% 12%",
    "--foreground": "350 100% 96%",
    "--primary": "345 84% 66%",
    "--primary-foreground": "345 30% 12%",
    "--accent": "345 30% 24%",
    "--accent-foreground": "350 100% 96%",
    "--muted": "345 22% 18%",
    "--muted-foreground": "350 40% 90%",
    "--border": "345 22% 24%",
    "--ring": "345 84% 66%"
  }
}